Altitude,WindY,WindX
64,0.0,0.0
64,3.1999925715371966,0.0068950784448904776
0,-0.21830284238381287,0.15028131258698174
0,0.0,0.0
0,0.0,0.0
0,1.0407646306201639,0.9792468837597839
6,0.0,0.0
6,0.14999965179080607,0.00032320680210424114
9,10.985117325015075,11.203351778033213
11,0.0499998839302687,0.00010773560070141371
12,0.0,0.0
12,-47.29687908228665,16.69792361899167
12,0.0,0.0
12,0.0,0.0
