Altitude,WindY,WindX
64,0.002488766939568006,1.1550319235028639
84,0.006604280306592979,3.0650337179423666
102,60.37449582713771,-42.23742657687248
124,0.023886641184748234,11.085743978273616
139,0.024144555262996335,11.205441403195644
159,62.909073423300775,82.50726027770389
181,0.027464051373188057,12.746013128196353
199,0.02920408668709195,13.553560152237976
224,181.67453160148312,39.83646459747136
245,0.03130723973860747,14.529629416053634
270,0.03282581899403433,15.234399111640993
