Altitude,WindY,WindX
91.4399998610112,13.477138895910816,-0.18632211065329196
