Altitude,WindY,WindX
91.4399998610112,2.893915722560339e-16,18.06666371885101
