Altitude,WindY,WindX
91.4399998610112,-23.766455243813223,-9.075595074444884
